titles,category
윤 대통령 주재  북한 미사일 중대 도발 강력규탄,Politics
한미외교장관   등 탄도미사일 발사는 중대 도발,Politics
속보 윤 대통령 주재 첫  북 미사일 중대한 도발 강력 규탄,Politics
윤 대통령 북 미사일 발사에 한미 연합방위태세 강화하라,Politics
대 후반기 국회의장 후보에 김진표 선출,Politics
후반기 국회의장 후보에 김진표 선출원구성 협상 난항,Politics
자격 없다 권성동 비판에김진표 말 끝까지 들어야,Politics
국회의장 후보에 선 김진표원구성 파행 장기화 조짐,Politics
바이든 귀국길에 북 미사일 발사 보고동맹국들과 협의,Politics
북한 바이든 순방 직후 동해로 탄도미사일 발 발사아침 월드,Politics
대통령 주재 첫  소집미사일 발사 논의,Politics
북  화성형 등 발 섞어쐈다한미 미사일 대응사격,Politics
이재명  윤형선 안철수  김병관 종합,Politics
이재명  윤형선 안철수  김병관  글로벌리서치,Politics
이재명  윤형선 안철수  김병관  글로벌리서치,Politics
인천 계양을 이재명  윤형선  오차범위 내 초박빙,Politics
정부 첫 합참의장에 김승겸년만에 육사 출신 나오나,Politics
무장공비 토벌해 을지무공훈장 받은 김승겸 합참의장 후보자확고한 대북대비태세 예고,Politics
윤형선 서울 목동서 주소 이전 논란에 계양 집주인 사정 때문,Politics
이재명 측 가짜 계양사람 공세 윤형선 여론조사 박빙이라 많이 초조한 듯,Politics
윤석열 시계 출시오늘 깐부 할아버지 등 명에 선물,Politics
윤석열 대통령 시계 호 증정은 취임식 국민희망대표,Politics
박주민 국민의힘 합의한 차별금지법 공청회조차 거부,Politics
오늘일 국회서 차별금지법 공청회 열려,Politics
북한인 줄 부부어린이합창단 사진 비꼰 황교익,Politics
합창단과 찰칵대통령김건희 여사 본관서 사진,Politics
중러 군용기 독도 인근 방공식별구역 침범,Politics
정부 중러 군용기 카디즈 진입에 외교채널로 유감 표명,Politics
권성동 민주 지역조직 강해섣부른 낙관주의는 패배,Politics
권성동 섣부른 낙관주의는 패배여론조사 투표로 이어져야,Politics
합참 북 핵실험미사일 준비 마쳐관련 동향 면밀 감시,Politics
 바이든  순방 뒤에도 의 추가 도발 지속해서 우려,Politics
김규현  대통령 국정원 국내정치 관여 안돼 엄명,Politics
김규현 대통령 국정원 절대 국내 정책 관여 말라 엄명 내렸다,Politics
 용퇴론에  분열 박지현 윤호중 무엇이 맞는지 숙고해야종합,Politics
윤호중  용퇴 선거 앞두고 내놓을 내용 아냐고성 오간 비공개 회의,Politics
이재명 지면 정치생명 진짜 끝장손으로 목 그으며 끽,Politics
이재명 이번에 지면 정치생명 끝목에 손 그으며 끽영상,Politics
이준석 기업하기 좋은 충남으로 오라김태흠 추진당 지원할 것,Politics
이준석 충청권 지방은행 필요권성동  충남 지원 약속,Politics
외안구단 성명에서 사라진 판문점과 싱가포르멀어진  대화의 시간,Politics
외안구단 한미 정상이 보여준 세 가지 상징적 장면득과 실은,Politics
외안구단 바이든 방일 때 출범할 중국 견제  우리도 참여,Politics
외안구단 미사일은 미사일이라고 부르겠다오락가락 군의 속내는,Politics
 조직개편기업금융모바일 강화,Economic
투자증권 조직개편 단행모바일 역량 강화,Economic
투자증권 조직 개편 단행텍스센터모바일개발부 신설,Economic
조직 확 키우는 연임한 정영채 전공 살린다,Economic
포항시 수소산업관련 기업 기술개발 지원최대 억원,Economic
한국 주도 글로벌 수소산업 연합회 발족,Economic
 주도 글로벌 수소산업 연합회 발족개국 참여로 수소협력 본격화,Economic
한국 주도 글로벌 수소산업 연합회 발족개국 협회 참여,Economic
스냅 충격으로 미국  시총 하루새 조원 증발,Economic
스냅 쇼크 주가  와르르구글페북 줄줄이 타격,Economic
하루새 주가 반토막난 스냅예견됐던  침체기 왔다,Economic
뉴욕증시 스냅 충격에 또다시 하락 출발,Economic
전문가들 암호화폐 는 쓰레기유시민 말이 옳았다,Economic
년간 주식보다 부동산비트코인 달러로 떨어질 것,Economic
지역 축제 열린다 년만에 이동형편의점 운영 재개,Economic
축제 때마다 보였던  트럭 재등장년 만에 이동편의점 운영,Economic
천호구역 첫 신통기획 재개발 진행,Economic
신통기획 첫 사례천호동 노후주거지 아파트 단지로 탈바꿈한다,Economic
삼성도 배터리 공장 추진잇단  투자 배경은,Economic
인디애나로 가는 삼성배터리 사완성차 각 체제 완성종합,Economic
고환율 파고 무보와 함께 넘자 환변동보험 가입액 억원 돌파,Economic
환율 불확실성 무보 환변동보험 가입액 억원 돌파,Economic
아파트는 도저히 감당 안되네분기 서울 빌라 전월세거래 역대 최다,Economic
분기 빌라 전월세거래 역대 최고아파트에서 밀려난 수요 빌라로 몰려,Economic
분기 가계부채 조년만에 전분기 대비 감소,Economic
분기 가계대출 조원 줄어통계작성 이래 첫 감소,Economic
 경영 관심은 많은데건설업계 뭘 해야 할지 모르겠다,Economic
세아그룹  경영 그룹차원 확대지속 성장 토대마련,Economic
티웨이항공 대형기 대 도입 완료설립 당시 대서 현재 대로,Economic
티웨이항공 대형기 대 도입 완료 몽골싱가포르에 투입,Economic
대한항공팬오션 등 석 달 새 외화수입 조원 김익환의 컴퍼니워치,Economic
만만원  저점 귀재가 억어치 산 까닭 김익환의 컴퍼니워치,Economic
두슬라 귀환할까요두산중공업 종토방 뒤집어졌다 김익환의 컴퍼니워치,Economic
빚보증까지 섰는데 포스코인터롯데 미얀마서 비싼 수업료 김익환의 컴퍼니워치,Economic
코로나 전담 병상 한 달간 개 감축,Social
코로나 병상 만여개 지정해제일반환자 치료용 전환,Social
코로나 병상 만 개 지정해제일반 병상 전환,Social
정부 여름철 재유행 만 확진 예상병상 문제 없어,Social
 사저 집회 소음 욕설 지속양산 주민들 병원행,Social
욕설 그만 이웃들 폭발 시끄러워 못 살겠다 대항 시위,Social
 사저 앞 집회 소음 계속시위 나선 평산마을 인제 그만,Social
사저 앞 집회 소음 계속주민 명 병원행,Social
한동훈 직속 인사정보관리단 신설공룡 법무부 우려 목소리,Social
 법무부 인사정보관리단 신설은 위법사정 칼날도 모자라 인사 총구까지 넘기나,Social
법무부가 인사 검증 소통령 현실화 맹폭  한동훈이라 비판하나,Social
민주당 검찰의 국정 장악 시도법무부 상왕 부처,Social
산림청 해외온실가스감축 타당성 조사사업에 개 기업 참여,Social
산림청 해외 온실가스 감축사업 지원에 개 기업 참여,Social
산림청 레드플러스 참여 기업 추가 모집,Social
산림청 해외 온실가스 감축사업에 개 기업 참여,Social
 다문화 학생 년새 증가명 중 명 초등생청소년,Social
 청소년 스마트폰 중독 더 심각해졌다중학생 가 과의존,Social
억 가짜 세금계산서로 억 꿀꺽코로나 대출 허점 노렸다,Social
검찰 가짜 세금계산서로 수십억원 대출받은 조직 덜미,Social
일 지방선거 사전투표충북 투표소 곳,Social
확진자도 사전투표한다오후 시분시 가능상보,Social
이근 병가 내고 한국서 치료그 후 우크라 돌아가고 싶다,Social
한국서 재활 치료 받는 이근 우크라로 돌아가고파,Social
중대본 원숭이 두창 개국 명 확진차단관리 강화상보,Social
확진자도 사전투표 가능원숭이두창 차단관리 강화종합,Social
부산지검 의사 살해시신 유기 대 여성 단독범 기소,Social
주식 공동투자 의사 살해한 대 여성 기소 단독범행 결론,Social
조전혁 서울교육감 후보 수도권 돌봄 조원 펀드 조성,Social
경기도 긴급돌봄 서비스 확대,Social
대검 전국 일선청에  민주화운동 명예회복 절차 지시,Social
대검 일선 청에  민주화운동 사법피해자 명예회복 지시,Social
사망사고 없도록노동부 중소규모 건설현장 안전 점검,Social
광주고용노동청 중소 건설현장 산업재해 요인 집중 점검,Social
목동운동장에 지열에너지 도입냉난방비  저감,Social
서울시 목동운동장 주경기장에 친환경 지열에너지신규 공공건물에도,Social
누적감염 만명 돌파 인구 만여명 신규확진종합,Social
확진자도 사전투표국민  코로나 감염 누적 만종합,Social
유튜버 카광 남성 낚는 콘텐츠 잠정 중단우려 현실,Social
여장 유튜버에 속아 분노대 남성 상해 혐의 조사,Social
뉴스쏙속 바이든 떠나자마자 미사일 발사 첫  소집,Social
뉴스쏙속낙승 예상했는데계양에 발 묶인 이재명,Social
뉴스쏙속손흥민 해냈다 아시아 최초 득점왕,Social
뉴스쏙속한국 찾는 바이든 첫 방문지 삼성 택했다,Social
늦은 밤부터 중부 빗방울남부 체감온도 도 안팎,Culture
경북 내륙 소나기대구 낮 도,Culture
내륙 중심 오후 소나기늦은 밤 수도권 등 비 시작오늘날씨,Culture
내일 중부 늦은 밤부터 비 남부 낮기온 도 안팎,Culture
세계 개 도시서 한국관광 로드쇼관광객 유치 속도전,Culture
손흥민오징어게임의 한국으로 오세요,Culture
외래 관광객 잡아라관광공사 방한 마케팅 돌입,Culture
명예홍보대사 손흥민과 외래 관광객 유치 본격화,Culture
애니 기획부터 지원까지 콘진원 부트캠프 가동,Culture
쁘띠드라군에일리언 헌터 베라 이을 애니는,Culture
더위 속 오후 소나기밤부터 중부 비굿모닝 날씨,Culture
 도 안팎 한여름 더위내륙 곳곳 소나기날씨,Culture
박찬욱 헤어질 결심 칸 상영 시작비평사이트 신선도 지수 ,Culture
탕웨이 박찬욱은 내 삶을 완전하게 만들어준 분,Culture
창립기념일 기아 임직원 봉사 주간 기아 무브먼트 위크 운영,Culture
기아 창립기념일 맞아 주간 임직원 봉사주간 운영,Culture
택시 업계와 손잡은 기아 친환경 전기택시 보급 지원,Culture
청양군 군민 행복 위해 달리는 행복택시 확대 운행,Culture
여개 박물관에서 문화체험박물관미술관 주간 막 내려,Culture
개 박물관의 힘박물관미술관 주간 성황 폐막,Culture
리빙톡 밤에 한 치 앞도 안 보인다면이 병일 수도,Culture
리빙톡 침묵의 살인자 당뇨병 도 덮친다,Culture
리빙톡 천차만별 자외선 차단제 제대로 알고 바르나요,Culture
리빙톡 뿡뿡 내 맘 같지 않은 잦은 방귀병은 아닐까,Culture
하트스토퍼차별금지법 이후의 사랑만화로 본 세상,Culture
전쟁일기연필로 그려낸 전쟁의 참혹함만화로 본 세상,Culture
소년의 마음 나는 토토입니다만화로 본 세상,Culture
여왕 쎄씨아의 반바지 황제와 여기사만화로 본 세상,Culture
 원숭이두창 억제 가능 과민반응 말라 권고종합,World
 원숭이두창 동성간 성접촉으로 확산,World
 원숭이두창 개국 건 확진의심 사례 건,World
당국 원숭이두창 국내유입 배제 못해발열체크 등 감시 강화,World
소로스 러 우크라 침공 차 세계대전 시작일수도푸틴 빨리 패배해야,World
소로스 우크라이나 침공 차 세계대전의 시작일 수 있어,World
소로스의 경고 우크라 차 세계대전 서막인류문명 살아남지 못할 수도,World
소로스 우크라 전쟁 차대전 서막일 수도러 물리쳐야,World
 러시아 채무상환 허용조치 연장 안 해러 디폴트 가능성,World
 채무상환 유예 종료러시아 디폴트 가능성 커졌다,World
미 은행 거래 자격 만료된 러 디폴트 가능성 고조,World
 러 디폴트 압박 국채 상환유예 일 끝미리 갚는 러시아,World
설탕 값 오르나 인도 밀 이어 설탕 수출 물량 제한,World
인도 설탕 수출도 제한식량 보호주의 무역전쟁 부를라,World
테워드로스  사무총장 연임 확정임기 년까지,World
 사무총장 연임 성공 회원국 다수 지지,World
이러다 오백슬라 될라머스크 잇단 기행도 하락 부추겨,World
상하이공장 생산지연트위터 인수시도 테슬라  급락상보,World
우크라 영토 회복 현실 직시하라  파문서방 갈라졌다,World
우크라이나 국민  러시아에 영토 양보 반대,World
러 불친절한 외신 지국 폐쇄 가능한 법안 통과사실상 추방,World
러 검찰에 외신 통제 법안 추진,World
꽉 막혔던 일본 여행 풀리나 외국인 관광 시범사업 실시,World
 외국인 관광 시범 사업 시작다음 달 단체 관광 재개,World
자율주행 로봇이 수집한 데이터 중국에 넘어간다커지는 우려 실리콘밸리 나우,World
실패한 작가였다파친코 이민진씨가 말하는 성공 비결 실리콘밸리 나우,World
류수정 사피온 대표  반도체 강자 엔비디아와 경쟁할 것실리콘밸리 나우,World
분 거리 분 만에 슝하늘 나는 택시 년에 나온다 실리콘밸리 나우,World
헬로비전 월만원대 케이블인터넷 결합상품 출시,IT
헬로비전 케이블인터넷 결합상품 제공월 만원대,IT
케이블와 기가인터넷 반값에헬로비전 결합 할인 혜택,IT
헬로 월 만원대 기가인터넷 결합상품 출시,IT
컴투스홀딩스 크로매틱소울레이드 국내 출시,IT
컴투스홀딩스 크로매틱소울  국내 출시토큰경제,IT
컴투스홀딩스 신작 크로메틱소울  레이드 국내 출시,IT
컴투스홀딩스 크로매틱소울레이드 국내 출시,IT
케이씨에스 와 양자암호칩 개발상한가 직행,IT
 철통보안 양자암호칩 드림팀과 국방공공 시장 도전,IT
위메이드 미르 기대감 커진다개발력 입증하나,IT
위메이드 신작 미르 일 매출 억 원 예상,IT
네이버하노이과기대 베트남서  해커톤 첫 개최,IT
베트남  해커톤 명 참가네이버,IT
구글 피해 오세요  앱마켓 원스토어 반값수수료 강수,IT
원스토어 미디어콘텐츠 앱 기본수수료 로 인하,IT
코오롱 리조트호텔 썸머 프로모션 실시,IT
코오롱베니트 코오롱글로벌현대차그룹과 홈투카카투홈 서비스 ,IT
내달 일 애플  개최신제품 공개도 관심,IT
애플 개발자 행사  내달 일 어떻게 달라지나,IT
지금은 기후위기영상 통가 화산폭발 전후  지도로 파악했다,IT
지금은 기후위기 극심한 폭염폭풍폭우조기경보시스템만이 살 길이다,IT
지금은 기후위기  간격 촘촘한 날씨정보오보청은 없다,IT
지금은 기후위기 기후변화 대응 원전만 강조한 정책의 허점 메워야,IT
주말마다 남는 방 없다 핫플된 영흥도 글램핑 비결은 배성수의 다다선,IT
맨 대우 달라졌네만년 위 유플도 억대 연봉 찍는다 배성수의 다다선,IT
돌아온 모토로라 만원폰 내놨다폴더블폰도 검토 배성수의 다다선,IT
콧대 높은 애플이 무슨 일아이폰 줄줄이 할인 나섰다 배성수의 다다선,IT